{
  "COPD": {
    "features": {
      "age": {
        "coef": 0.08488129533010241,
        "mean": 56.90638617580766
      },
      "alcoholFrequency": {
        "coef": 0.11380473406629049,
        "mean": 2.776358627598297
      },
      "asthma": {
        "coef": 0.7061936113420001,
        "mean": 0.1456548960681192
      },
      "coughOnMostDays": {
        "coef": 1.2174377410128614,
        "mean": 0.1779113448534936
      },
      "currentlySmoking": {
        "coef": 1.7227276992643332,
        "mean": 0.08209366391184574
      },
      "diabetes": {
        "coef": -1.9686630089084471,
        "mean": 0.18707738542449287
      },
      "diastolicBloodPressure": {
        "coef": -0.0070343448374271264,
        "mean": 81.71895817680942
      },
      "height": {
        "coef": -0.0010848773235374305,
        "mean": 169.619469070874
      },
      "noOfCigarettesPerDay": {
        "coef": 0.05013852855966816,
        "mean": 0.8061607813673929
      },
      "noOfCigarettesPreviouslyPerDay": {
        "coef": 0.039478711284804374,
        "mean": 5.13518657650889
      },
      "previouslySmoked": {
        "coef": 0.9287019420070471,
        "mean": 0.3779614325068871
      },
      "sex": {
        "coef": 0.3511948518722096,
        "mean": 0.47878787878787876
      },
      "sputumOnMostDays": {
        "coef": 0.9343228028643686,
        "mean": 0.12261457550713749
      },
      "systolicBloodPressure": {
        "coef": 0.0010890716043285868,
        "mean": 137.4473829201102
      },
      "tuberculosis": {
        "coef": -1.28165045386644,
        "mean": 0.030653643876784372
      },
      "weight": {
        "coef": -0.007127688040906864,
        "mean": 79.14629100926622
      },
      "wheezeInChestInLastYear": {
        "coef": 1.4949511222314593,
        "mean": 0.20956674179814674
      }
    },
    "intercept": -6.496530467246779
  },
  "asthma": {
    "features": {
      "COPD": {
        "coef": 0.4678909836311485,
        "mean": 0.08209366391184574
      },
      "age": {
        "coef": -0.02276043108275855,
        "mean": 56.90638617580766
      },
      "alcoholFrequency": {
        "coef": -0.01092367982926228,
        "mean": 2.776358627598297
      },
      "coughOnMostDays": {
        "coef": 0.5229671565969092,
        "mean": 0.1779113448534936
      },
      "currentlySmoking": {
        "coef": 0.6205931563896724,
        "mean": 0.08209366391184574
      },
      "diabetes": {
        "coef": 0.12299523008399661,
        "mean": 0.18707738542449287
      },
      "diastolicBloodPressure": {
        "coef": -0.0016095516400430698,
        "mean": 81.71895817680942
      },
      "height": {
        "coef": -0.004714902633454343,
        "mean": 169.619469070874
      },
      "noOfCigarettesPerDay": {
        "coef": 0.026076212378085405,
        "mean": 0.8061607813673929
      },
      "noOfCigarettesPreviouslyPerDay": {
        "coef": 0.008923432347775711,
        "mean": 5.13518657650889
      },
      "previouslySmoked": {
        "coef": 0.10632472628676795,
        "mean": 0.3779614325068871
      },
      "sex": {
        "coef": -0.07029069609199332,
        "mean": 0.47878787878787876
      },
      "sputumOnMostDays": {
        "coef": 0.2722153581948268,
        "mean": 0.12261457550713749
      },
      "systolicBloodPressure": {
        "coef": -0.003724171207070635,
        "mean": 137.4473829201102
      },
      "tuberculosis": {
        "coef": 0.25645633848819266,
        "mean": 0.030653643876784372
      },
      "weight": {
        "coef": 0.0006256892631491685,
        "mean": 79.14629100926622
      },
      "wheezeInChestInLastYear": {
        "coef": 2.1366242969311187,
        "mean": 0.20956674179814674
      }
    },
    "intercept": 1.892048704955516
  },
  "diabetes": {
    "features": {
      "COPD": {
        "coef": -1.9512530423058494,
        "mean": 0.08209366391184574
      },
      "age": {
        "coef": 0.03306795862618049,
        "mean": 56.90638617580766
      },
      "alcoholFrequency": {
        "coef": 0.17273635903624474,
        "mean": 2.776358627598297
      },
      "asthma": {
        "coef": 0.132175215745941,
        "mean": 0.1456548960681192
      },
      "coughOnMostDays": {
        "coef": 0.1838685305344382,
        "mean": 0.1779113448534936
      },
      "currentlySmoking": {
        "coef": 0.27050212023067083,
        "mean": 0.08209366391184574
      },
      "diastolicBloodPressure": {
        "coef": -0.0585217670319863,
        "mean": 81.71895817680942
      },
      "height": {
        "coef": -0.05167693989831882,
        "mean": 169.619469070874
      },
      "noOfCigarettesPerDay": {
        "coef": 0.007415618294352708,
        "mean": 0.8061607813673929
      },
      "noOfCigarettesPreviouslyPerDay": {
        "coef": 0.01567074438069138,
        "mean": 5.13518657650889
      },
      "previouslySmoked": {
        "coef": 0.0725010390498945,
        "mean": 0.3779614325068871
      },
      "sex": {
        "coef": 0.6923721048585773,
        "mean": 0.47878787878787876
      },
      "sputumOnMostDays": {
        "coef": -0.08889493425977361,
        "mean": 0.12261457550713749
      },
      "systolicBloodPressure": {
        "coef": 0.01978545035660668,
        "mean": 137.4473829201102
      },
      "tuberculosis": {
        "coef": -1.894553719781586,
        "mean": 0.030653643876784372
      },
      "weight": {
        "coef": 0.05640603893937079,
        "mean": 79.14629100926622
      },
      "wheezeInChestInLastYear": {
        "coef": -0.08738917528708241,
        "mean": 0.20956674179814674
      }
    },
    "intercept": 3.355119533871718
  },
  "tuberculosis": {
    "features": {
      "COPD": {
        "coef": -1.4069952590401678,
        "mean": 0.08209366391184574
      },
      "age": {
        "coef": 0.0833998078656451,
        "mean": 56.90638617580766
      },
      "alcoholFrequency": {
        "coef": 0.05330677537789064,
        "mean": 2.776358627598297
      },
      "asthma": {
        "coef": 0.19698500347304995,
        "mean": 0.1456548960681192
      },
      "coughOnMostDays": {
        "coef": 0.12943826318426077,
        "mean": 0.1779113448534936
      },
      "currentlySmoking": {
        "coef": -0.0976734864594028,
        "mean": 0.08209366391184574
      },
      "diabetes": {
        "coef": -2.0223697717333478,
        "mean": 0.18707738542449287
      },
      "diastolicBloodPressure": {
        "coef": -0.004187772706555084,
        "mean": 81.71895817680942
      },
      "height": {
        "coef": 0.011973912079583872,
        "mean": 169.619469070874
      },
      "noOfCigarettesPerDay": {
        "coef": -0.030717125768961365,
        "mean": 0.8061607813673929
      },
      "noOfCigarettesPreviouslyPerDay": {
        "coef": 0.006008532695699004,
        "mean": 5.13518657650889
      },
      "previouslySmoked": {
        "coef": -0.042631689893228075,
        "mean": 0.3779614325068871
      },
      "sex": {
        "coef": -0.02399332602817578,
        "mean": 0.47878787878787876
      },
      "sputumOnMostDays": {
        "coef": 0.2687156197965356,
        "mean": 0.12261457550713749
      },
      "systolicBloodPressure": {
        "coef": 0.0001731812847616475,
        "mean": 137.4473829201102
      },
      "weight": {
        "coef": -0.01295187538941376,
        "mean": 79.14629100926622
      },
      "wheezeInChestInLastYear": {
        "coef": 0.2391027490533859,
        "mean": 0.20956674179814674
      }
    },
    "intercept": -5.584581868902191
  }
}
