{
  "COPD": {
    "age": {
      "coef": 0.08657563511716311, 
      "mean": 56.90638617580766
    }, 
    "alcoholFrequency": {
      "coef": 0.11809646589717476, 
      "mean": 2.776358627598297
    }, 
    "asthma": {
      "coef": 0.716919196947555, 
      "mean": 0.1456548960681192
    }, 
    "coughOnMostDays": {
      "coef": 1.219133091433861, 
      "mean": 0.1779113448534936
    }, 
    "currentlySmoking": {
      "coef": -0.7498020207290872, 
      "mean": 0.08209366391184574
    }, 
    "diabetes": {
      "coef": -1.9648140655039676, 
      "mean": 0.18707738542449287
    }, 
    "diastolicBloodPressure": {
      "coef": -0.006091694438656305, 
      "mean": 81.71895817680942
    }, 
    "height": {
      "coef": 0.0030110933824117475, 
      "mean": 169.619469070874
    }, 
    "intercept": -4.829071228172772, 
    "neverSmoked": {
      "coef": -2.5131010155899918, 
      "mean": 0.5399449035812672
    }, 
    "noOfCigarettesPerDay": {
      "coef": 0.048870522358126986, 
      "mean": 0.8061607813673929
    }, 
    "noOfCigarettesPreviouslyPerDay": {
      "coef": 0.039253685084259866, 
      "mean": 5.13518657650889
    }, 
    "previouslySmoked": {
      "coef": -1.5661681918555341, 
      "mean": 0.3779614325068871
    }, 
    "sex": {
      "coef": 0.3039078912257784, 
      "mean": 0.47878787878787876
    }, 
    "sputumOnMostDays": {
      "coef": 0.935921965326725, 
      "mean": 0.12261457550713749
    }, 
    "systolicBloodPressure": {
      "coef": 0.001161313849536367, 
      "mean": 137.4473829201102
    }, 
    "tuberculosis": {
      "coef": -1.288853595712463, 
      "mean": 0.030653643876784372
    }, 
    "weight": {
      "coef": -0.007659962533277071, 
      "mean": 79.14629100926622
    }, 
    "wheezeInChestInLastYear": {
      "coef": 1.4991672877454556, 
      "mean": 0.20956674179814674
    }
  }, 
  "asthma": {
    "COPD": {
      "coef": 0.4690138724851793, 
      "mean": 0.08209366391184574
    }, 
    "age": {
      "coef": -0.023036937560929314, 
      "mean": 56.90638617580766
    }, 
    "alcoholFrequency": {
      "coef": -0.011800397880647929, 
      "mean": 2.776358627598297
    }, 
    "coughOnMostDays": {
      "coef": 0.5232326426042639, 
      "mean": 0.1779113448534936
    }, 
    "currentlySmoking": {
      "coef": 0.07234874028208961, 
      "mean": 0.08209366391184574
    }, 
    "diabetes": {
      "coef": 0.12184785789955634, 
      "mean": 0.18707738542449287
    }, 
    "diastolicBloodPressure": {
      "coef": -0.0018089711224847946, 
      "mean": 81.71895817680942
    }, 
    "height": {
      "coef": -0.0056042593385524034, 
      "mean": 169.619469070874
    }, 
    "intercept": 1.3666640227537017, 
    "neverSmoked": {
      "coef": 0.7016357343859368, 
      "mean": 0.5399449035812672
    }, 
    "noOfCigarettesPerDay": {
      "coef": -0.02572940398709476, 
      "mean": 0.8061607813673929
    }, 
    "noOfCigarettesPreviouslyPerDay": {
      "coef": -0.008860645777091959, 
      "mean": 5.13518657650889
    }, 
    "previouslySmoked": {
      "coef": 0.5926795480862898, 
      "mean": 0.3779614325068871
    }, 
    "sex": {
      "coef": -0.05965695990839302, 
      "mean": 0.47878787878787876
    }, 
    "sputumOnMostDays": {
      "coef": 0.27213764876428387, 
      "mean": 0.12261457550713749
    }, 
    "systolicBloodPressure": {
      "coef": -0.0037469256651593017, 
      "mean": 137.4473829201102
    }, 
    "tuberculosis": {
      "coef": 0.2574764909578838, 
      "mean": 0.030653643876784372
    }, 
    "weight": {
      "coef": 0.0007297257189572766, 
      "mean": 79.14629100926622
    }, 
    "wheezeInChestInLastYear": {
      "coef": 2.1362213848806677, 
      "mean": 0.20956674179814674
    }
  }, 
  "diabetes": {
    "COPD": {
      "coef": -1.9508681810556379, 
      "mean": 0.08209366391184574
    }, 
    "age": {
      "coef": 0.032751165738257294, 
      "mean": 56.90638617580766
    }, 
    "alcoholFrequency": {
      "coef": 0.17176140458572575, 
      "mean": 2.776358627598297
    }, 
    "asthma": {
      "coef": 0.130766213034558, 
      "mean": 0.1456548960681192
    }, 
    "coughOnMostDays": {
      "coef": 0.18429470012770066, 
      "mean": 0.1779113448534936
    }, 
    "currentlySmoking": {
      "coef": 1.0639986313310659, 
      "mean": 0.08209366391184574
    }, 
    "diastolicBloodPressure": {
      "coef": -0.05874083047159253, 
      "mean": 81.71895817680942
    }, 
    "height": {
      "coef": -0.05264772382357112, 
      "mean": 169.619469070874
    }, 
    "intercept": 2.743482154195294, 
    "neverSmoked": {
      "coef": 0.8049042371331411, 
      "mean": 0.5399449035812672
    }, 
    "noOfCigarettesPerDay": {
      "coef": 0.007929914000495732, 
      "mean": 0.8061607813673929
    }, 
    "noOfCigarettesPreviouslyPerDay": {
      "coef": 0.01572985514874589, 
      "mean": 5.13518657650889
    }, 
    "previouslySmoked": {
      "coef": 0.874579285731732, 
      "mean": 0.3779614325068871
    }, 
    "sex": {
      "coef": 0.7038477672880784, 
      "mean": 0.47878787878787876
    }, 
    "sputumOnMostDays": {
      "coef": -0.08938511558711686, 
      "mean": 0.12261457550713749
    }, 
    "systolicBloodPressure": {
      "coef": 0.019755622247307786, 
      "mean": 137.4473829201102
    }, 
    "tuberculosis": {
      "coef": -1.8985240565850108, 
      "mean": 0.030653643876784372
    }, 
    "weight": {
      "coef": 0.05653452528261823, 
      "mean": 79.14629100926622
    }, 
    "wheezeInChestInLastYear": {
      "coef": -0.08785332071254831, 
      "mean": 0.20956674179814674
    }
  }, 
  "tuberculosis": {
    "COPD": {
      "coef": -1.410724866364992, 
      "mean": 0.08209366391184574
    }, 
    "age": {
      "coef": 0.0839194360407586, 
      "mean": 56.90638617580766
    }, 
    "alcoholFrequency": {
      "coef": 0.0550420976741769, 
      "mean": 2.776358627598297
    }, 
    "asthma": {
      "coef": 0.1994340369157861, 
      "mean": 0.1456548960681192
    }, 
    "coughOnMostDays": {
      "coef": 0.1292199097794845, 
      "mean": 0.1779113448534936
    }, 
    "currentlySmoking": {
      "coef": -1.5260401605678582, 
      "mean": 0.08209366391184574
    }, 
    "diabetes": {
      "coef": -2.0210072215591675, 
      "mean": 0.18707738542449287
    }, 
    "diastolicBloodPressure": {
      "coef": -0.0038019685481755603, 
      "mean": 81.71895817680942
    }, 
    "height": {
      "coef": 0.013606078017668801, 
      "mean": 169.619469070874
    }, 
    "intercept": -4.462175565505914, 
    "neverSmoked": {
      "coef": -1.449401847709554, 
      "mean": 0.5399449035812672
    }, 
    "noOfCigarettesPerDay": {
      "coef": -0.031672892753209, 
      "mean": 0.8061607813673929
    }, 
    "noOfCigarettesPreviouslyPerDay": {
      "coef": 0.0059756201234594415, 
      "mean": 5.13518657650889
    }, 
    "previouslySmoked": {
      "coef": -1.4867335572321114, 
      "mean": 0.3779614325068871
    }, 
    "sex": {
      "coef": -0.04381672796220568, 
      "mean": 0.47878787878787876
    }, 
    "sputumOnMostDays": {
      "coef": 0.2701244355134816, 
      "mean": 0.12261457550713749
    }, 
    "systolicBloodPressure": {
      "coef": 0.00020936418351307745, 
      "mean": 137.4473829201102
    }, 
    "weight": {
      "coef": -0.013154756479972019, 
      "mean": 79.14629100926622
    }, 
    "wheezeInChestInLastYear": {
      "coef": 0.23850464337481797, 
      "mean": 0.20956674179814674
    }
  }
}
