{
    "COPD": {
        "age": {
            "coef": 0.07219615673998102,
            "mean": 56.90638617580766
        },
        "alcoholFrequency": {
            "coef": 0.03455594676362435,
            "mean": 2.776358627598297
        },
        "asthma": {
            "coef": 0.7287187990239331,
            "mean": 0.1456548960681192
        },
        "coughOnMostDays": {
            "coef": 1.2272168225176179,
            "mean": 0.1779113448534936
        },
        "currentlySmoking": {
            "coef": 0.41934804076327076,
            "mean": 0.08209366391184574
        },
        "diabetes": {
            "coef": -1.103276697235032,
            "mean": 0.18707738542449287
        },
        "diastolicBloodPressure": {
            "coef": -0.0037919719305188238,
            "mean": 81.71895817680942
        },
        "height": {
            "coef": -0.024596994312919267,
            "mean": 169.619469070874
        },
        "neverSmoked": {
            "coef": -0.765698277330965,
            "mean": 0.5399449035812672
        },
        "noOfCigarettesPerDay": {
            "coef": 0.06066143401589091,
            "mean": 0.8061607813673929
        },
        "noOfCigarettesPreviouslyPerDay": {
            "coef": 0.03490689684799092,
            "mean": 5.13518657650889
        },
        "previouslySmoked": {
            "coef": 0.24805349933605655,
            "mean": 0.3779614325068871
        },
        "sex": {
            "coef": 0.5804860708269175,
            "mean": 0.47878787878787876
        },
        "sputumOnMostDays": {
            "coef": 1.085474470945438,
            "mean": 0.12261457550713749
        },
        "systolicBloodPressure": {
            "coef": -0.006093927123663893,
            "mean": 137.4473829201102
        },
        "tuberculosis": {
            "coef": -0.1707389252722275,
            "mean": 0.030653643876784372
        },
        "weight": {
            "coef": -0.009394909763094667,
            "mean": 79.14629100926622
        },
        "wheezeInChestInLastYear": {
            "coef": 1.5138922409346822,
            "mean": 0.20956674179814674
        }
    },
    "asthma": {
        "COPD": {
            "coef": 0.4298927557812099,
            "mean": 0.08209366391184574
        },
        "age": {
            "coef": -0.018774198747416475,
            "mean": 56.90638617580766
        },
        "alcoholFrequency": {
            "coef": -0.007890200520337242,
            "mean": 2.776358627598297
        },
        "coughOnMostDays": {
            "coef": 0.4745425965045865,
            "mean": 0.1779113448534936
        },
        "currentlySmoking": {
            "coef": -0.1268054277934347,
            "mean": 0.08209366391184574
        },
        "diabetes": {
            "coef": 0.09120322307570591,
            "mean": 0.18707738542449287
        },
        "diastolicBloodPressure": {
            "coef": -0.0006191781208217771,
            "mean": 81.71895817680942
        },
        "height": {
            "coef": 0.003565740949900845,
            "mean": 169.619469070874
        },
        "neverSmoked": {
            "coef": 0.17548970786492735,
            "mean": 0.5399449035812672
        },
        "noOfCigarettesPerDay": {
            "coef": -0.04186297762045125,
            "mean": 0.8061607813673929
        },
        "noOfCigarettesPreviouslyPerDay": {
            "coef": -0.006469320385514385,
            "mean": 5.13518657650889
        },
        "previouslySmoked": {
            "coef": 0.00040727507449126094,
            "mean": 0.3779614325068871
        },
        "sex": {
            "coef": -0.19507105577311565,
            "mean": 0.47878787878787876
        },
        "sputumOnMostDays": {
            "coef": 0.3250573621458696,
            "mean": 0.12261457550713749
        },
        "systolicBloodPressure": {
            "coef": -0.0031991015895341452,
            "mean": 137.4473829201102
        },
        "tuberculosis": {
            "coef": 0.05671177992186173,
            "mean": 0.030653643876784372
        },
        "weight": {
            "coef": 0.00000962502700443038,
            "mean": 79.14629100926622
        },
        "wheezeInChestInLastYear": {
            "coef": 2.1480840472969245,
            "mean": 0.20956674179814674
        }
    },
    "diabetes": {
        "COPD": {
            "coef": -1.0648654411201315,
            "mean": 0.08209366391184574
        },
        "age": {
            "coef": 0.0327176114552982,
            "mean": 56.90638617580766
        },
        "alcoholFrequency": {
            "coef": 0.13917504019627883,
            "mean": 2.776358627598297
        },
        "asthma": {
            "coef": 0.188079936538501,
            "mean": 0.1456548960681192
        },
        "coughOnMostDays": {
            "coef": 0.1464319619402679,
            "mean": 0.1779113448534936
        },
        "currentlySmoking": {
            "coef": 0.08047538884748619,
            "mean": 0.08209366391184574
        },
        "diastolicBloodPressure": {
            "coef": -0.05276391766128182,
            "mean": 81.71895817680942
        },
        "height": {
            "coef": -0.03200249529429291,
            "mean": 169.619469070874
        },
        "neverSmoked": {
            "coef": -0.019876981241744442,
            "mean": 0.5399449035812672
        },
        "noOfCigarettesPerDay": {
            "coef": 0.01590322025616599,
            "mean": 0.8061607813673929
        },
        "noOfCigarettesPreviouslyPerDay": {
            "coef": 0.012321584909648851,
            "mean": 5.13518657650889
        },
        "previouslySmoked": {
            "coef": -0.0005216154014752174,
            "mean": 0.3779614325068871
        },
        "sex": {
            "coef": 0.42846121943498017,
            "mean": 0.47878787878787876
        },
        "sputumOnMostDays": {
            "coef": -0.07838420470633807,
            "mean": 0.12261457550713749
        },
        "systolicBloodPressure": {
            "coef": 0.02097966881342806,
            "mean": 137.4473829201102
        },
        "tuberculosis": {
            "coef": -0.45547508889997623,
            "mean": 0.030653643876784372
        },
        "weight": {
            "coef": 0.050902874428656854,
            "mean": 79.14629100926622
        },
        "wheezeInChestInLastYear": {
            "coef": -0.06298175302617086,
            "mean": 0.20956674179814674
        }
    },
    "tuberculosis": {
        "COPD": {
            "coef": -0.5710110939059315,
            "mean": 0.08209366391184574
        },
        "age": {
            "coef": 0.07031311461077057,
            "mean": 56.90638617580766
        },
        "alcoholFrequency": {
            "coef": 0.023393894157114473,
            "mean": 2.776358627598297
        },
        "asthma": {
            "coef": 0.23625454836685272,
            "mean": 0.1456548960681192
        },
        "coughOnMostDays": {
            "coef": 0.236706570205973,
            "mean": 0.1779113448534936
        },
        "currentlySmoking": {
            "coef": -0.03678465558945166,
            "mean": 0.08209366391184574
        },
        "diabetes": {
            "coef": -1.8250195060970134,
            "mean": 0.18707738542449287
        },
        "diastolicBloodPressure": {
            "coef": -0.011117485322287683,
            "mean": 81.71895817680942
        },
        "height": {
            "coef": -0.015067467804008002,
            "mean": 169.619469070874
        },
        "neverSmoked": {
            "coef": 0.07728757254356766,
            "mean": 0.5399449035812672
        },
        "noOfCigarettesPerDay": {
            "coef": -0.04283443688311367,
            "mean": 0.8061607813673929
        },
        "noOfCigarettesPreviouslyPerDay": {
            "coef": 0.006279014930281643,
            "mean": 5.13518657650889
        },